"EFT_Phen","EFT_Prod_sum"
"1",5.31243681178394
"2",15.1593456870937
"3",64.6032893857506
"4",14.9249281153718
